rank,country,peak,elev_m,peak_url,title,lat_lon,photo_url
1,China,Mount Everest,8849,https://www.peakbagger.com/peak.aspx?pid=10640,"Mount Everest, China/Nepal","27.988257, 86.925145",https://www.peakbagger.com/image/amazontiny.gif
1,China,Mount Everest,8849,https://www.peakbagger.com/peak.aspx?pid=10640,"Mount Everest, China/Nepal","27.988257, 86.925145",https://www.peakbagger.com/image/amazontiny.gif
1,Nepal,Mount Everest,8849,https://www.peakbagger.com/peak.aspx?pid=10640,"Mount Everest, China/Nepal","27.988257, 86.925145",https://www.peakbagger.com/image/amazontiny.gif
3,Pakistan,K2,8614,https://www.peakbagger.com/peak.aspx?pid=10515,"K2, Pakistan/China","35.881612, 76.512738",https://www.peakbagger.com/image/amazontiny.gif
4,India,Kangchenjunga,8586,https://www.peakbagger.com/peak.aspx?pid=10653,"Kangchenjunga, Nepal/India","27.702907, 88.147394",https://www.peakbagger.com/image/amazontiny.gif
5,Bhutan,Gangkar Punsum,7570,https://www.peakbagger.com/peak.aspx?pid=18686,"Gangkar Punsum, China/Bhutan","28.047359, 90.454878",
6,Tajikistan,Pik Ismail Samani,7495,https://www.peakbagger.com/peak.aspx?pid=10496,"Pik Ismail Samani, Tajikistan","38.943109, 72.01571",https://www.peakbagger.com/image/Suc.gif
7,Afghanistan,Noshaq,7492,https://www.peakbagger.com/peak.aspx?pid=10491,"Noshaq, Afghanistan/Pakistan","36.433078, 71.82832",https://www.peakbagger.com/image/Suc.gif
8,Kyrgyzstan,Pik Pobeda,7439,https://www.peakbagger.com/peak.aspx?pid=10565,"Pik Pobeda, Kyrgyzstan/China","42.035293, 80.128377",https://www.peakbagger.com/image/Suc.gif
9,Kazakhstan,Khan Tengri,7010,https://www.peakbagger.com/peak.aspx?pid=10552,"Khan Tengri, Kazakhstan/Kyrgyzstan/China","42.21094, 80.174286",https://www.peakbagger.com/image/Suc.gif
10,Argentina,Aconcagua,6962,https://www.peakbagger.com/peak.aspx?pid=8594,"Aconcagua, Argentina","-32.653099, -70.012088",https://www.peakbagger.com/image/amazontiny.gif
11,Chile,Ojos del Salado,6893,https://www.peakbagger.com/peak.aspx?pid=8569,"Ojos del Salado, Chile/Argentina","-27.109671, -68.54257",https://www.peakbagger.com/image/amazontiny.gif
12,Peru,Nevado Huascarán,6768,https://www.peakbagger.com/peak.aspx?pid=8465,"Nevado Huascarán, Peru","-9.120981, -77.604674",https://www.peakbagger.com/image/amazontiny.gif
13,Bolivia,Nevado Sajama,6542,https://www.peakbagger.com/peak.aspx?pid=8503,"Nevado Sajama, Bolivia","-18.107836, -68.882937",https://www.peakbagger.com/image/amazontiny.gif
14,Ecuador,Volcán Chimborazo,6267,https://www.peakbagger.com/peak.aspx?pid=8400,"Volcán Chimborazo, Ecuador","-1.467064, -78.817499",https://www.peakbagger.com/image/amazontiny.gif
15,United States,Denali,6190,https://www.peakbagger.com/peak.aspx?pid=271,"Denali, Alaska","63.069042, -151.006347",https://www.peakbagger.com/image/amazontiny.gif
16,Canada,Mount Logan,5959,https://www.peakbagger.com/peak.aspx?pid=541,"Mount Logan, Yukon Territory","60.567113, -140.405484",https://www.peakbagger.com/image/amazontiny.gif
17,Tanzania,Kilimanjaro,5895,https://www.peakbagger.com/peak.aspx?pid=11202,"Kilimanjaro, Tanzania","-3.076448, 37.354034",https://www.peakbagger.com/image/Suc.gif
18,Myanmar,Hkakabo Razi,5881,https://www.peakbagger.com/peak.aspx?pid=10595,"Hkakabo Razi, Myanmar","28.328107, 97.534389",
19,Colombia,Pico Simón Bolívar,5720,https://www.peakbagger.com/peak.aspx?pid=8289,"Pico Simón Bolívar, Colombia","10.834718, -73.690453",https://www.peakbagger.com/image/UnSuc.gif
20,Russia,Elbrus,5642,https://www.peakbagger.com/peak.aspx?pid=10381,"Elbrus, Russia","43.353811, 42.436098",https://www.peakbagger.com/image/amazontiny.gif
21,Mexico,Pico de Orizaba,5636,https://www.peakbagger.com/peak.aspx?pid=8049,"Pico de Orizaba, Mexico","19.030498, -97.269848",https://www.peakbagger.com/image/amazontiny.gif
22,Iran,Damavand,5609,https://www.peakbagger.com/peak.aspx?pid=10467,"Damavand, Iran","35.955533, 52.110085",https://www.peakbagger.com/image/Suc.gif
23,Kenya,Mount Kenya,5199,https://www.peakbagger.com/peak.aspx?pid=11193,"Mount Kenya, Kenya","-0.152267, 37.308885",https://www.peakbagger.com/image/amazontiny.gif
24,Georgia,Shkhara,5193,https://www.peakbagger.com/peak.aspx?pid=10416,"Shkhara, Russia/Georgia","42.999969, 43.109819",https://www.peakbagger.com/image/UnSuc.gif
25,Turkey,Mount Ararat,5137,https://www.peakbagger.com/peak.aspx?pid=10445,"Mount Ararat, Turkey","39.703475, 44.298765",https://www.peakbagger.com/image/amazontiny.gif
26,Congo DRC,Mount Stanley,5109,https://www.peakbagger.com/peak.aspx?pid=11158,"Mount Stanley, Congo DRC/Uganda","0.385466, 29.873188",https://www.peakbagger.com/image/amazontiny.gif
26,Uganda,Mount Stanley,5109,https://www.peakbagger.com/peak.aspx?pid=11158,"Mount Stanley, Congo DRC/Uganda","0.385466, 29.873188",https://www.peakbagger.com/image/amazontiny.gif
28,Venezuela,Pico Bolívar,4981,https://www.peakbagger.com/peak.aspx?pid=8344,"Pico Bolívar, Venezuela","8.540899, -71.046462",https://www.peakbagger.com/image/Suc.gif
29,Antarctica,Vinson Massif,4892,https://www.peakbagger.com/peak.aspx?pid=12108,"Vinson Massif, Antarctica","-78.525483, -85.617147",https://www.peakbagger.com/image/Suc.gif
30,Indonesia,Carstensz Pyramid,4884,https://www.peakbagger.com/peak.aspx?pid=11360,"Carstensz Pyramid, Indonesia","-4.078531, 137.158077",https://www.peakbagger.com/image/amazontiny.gif
31,France,Mont Blanc,4810,https://www.peakbagger.com/peak.aspx?pid=9941,"Mont Blanc, France/Italy","45.832704, 6.864797",https://www.peakbagger.com/image/amazontiny.gif
31,Italy,Mont Blanc,4810,https://www.peakbagger.com/peak.aspx?pid=9941,"Mont Blanc, France/Italy","45.832704, 6.864797",https://www.peakbagger.com/image/amazontiny.gif
33,Uzbekistan,Alpomish,4668,https://www.peakbagger.com/peak.aspx?pid=130621,"Alpomish, Uzbekistan/Tajikistan","38.891634, 68.176775",https://www.peakbagger.com/image/Suc.gif
34,Switzerland,Monte Rosa,4633,https://www.peakbagger.com/peak.aspx?pid=10043,"Monte Rosa, Switzerland","45.93691, 7.86677",https://www.peakbagger.com/image/amazontiny.gif
35,Ethiopia,Ras Dashen,4543,https://www.peakbagger.com/peak.aspx?pid=11117,"Ras Dashen, Ethiopia","13.23692, 38.37264",https://www.peakbagger.com/image/Suc.gif
36,Papua New Guinea,Mount Wilhelm,4509,https://www.peakbagger.com/peak.aspx?pid=11369,"Mount Wilhelm, Papua New Guinea","-5.77959, 145.02917",https://www.peakbagger.com/image/Suc.gif
37,Rwanda,Volcan Karisimbi,4507,https://www.peakbagger.com/peak.aspx?pid=11172,"Volcan Karisimbi, Congo DRC/Rwanda","-1.506085, 29.450323",https://www.peakbagger.com/image/UnSuc.gif
38,Azerbaijan,Bazardüzü,4466,https://www.peakbagger.com/peak.aspx?pid=10428,"Bazardüzü, Russia/Azerbaijan","41.22075, 47.85816",https://www.peakbagger.com/image/Suc.gif
39,Mongolia,Khüiten Uul,4356,https://www.peakbagger.com/peak.aspx?pid=10690,"Khüiten Uul, China/Mongolia","49.14669, 87.81926",https://www.peakbagger.com/image/amazontiny.gif
40,Guatemala,Volcán Tajumulco,4220,https://www.peakbagger.com/peak.aspx?pid=8079,"Volcán Tajumulco, Guatemala","15.04303, -91.90367",https://www.peakbagger.com/image/amazontiny.gif
41,Morocco,Jebel Toubkal,4167,https://www.peakbagger.com/peak.aspx?pid=11046,"Jebel Toubkal, Morocco","31.060297, -7.915258",https://www.peakbagger.com/image/Suc.gif
42,Malaysia,Kinabalu,4095,https://www.peakbagger.com/peak.aspx?pid=10966,"Kinabalu, Malaysia","6.074985, 116.558313",https://www.peakbagger.com/image/Suc.gif
43,Armenia,Aragats Lerr,4090,https://www.peakbagger.com/peak.aspx?pid=10432,"Aragats Lerr, Armenia","40.523056, 44.195377",https://www.peakbagger.com/image/Suc.gif
44,Cameroon,Mount Cameroon,4040,https://www.peakbagger.com/peak.aspx?pid=11099,"Mount Cameroon, Cameroon","4.218203, 9.173201",https://www.peakbagger.com/image/Suc.gif
45,Taiwan,Yushan,3951,https://www.peakbagger.com/peak.aspx?pid=10720,"Yushan, Taiwan","23.469991, 120.957265",https://www.peakbagger.com/image/Suc.gif
46,Costa Rica,Cerro Chirripó,3819,https://www.peakbagger.com/peak.aspx?pid=8168,"Cerro Chirripó, Costa Rica","9.484296, -83.488921",https://www.peakbagger.com/image/amazontiny.gif
47,Austria,Großglockner,3797,https://www.peakbagger.com/peak.aspx?pid=10113,"Großglockner, Austria","47.07454, 12.69387",https://www.peakbagger.com/image/amazontiny.gif
48,Japan,Fuji-san,3776,https://www.peakbagger.com/peak.aspx?pid=10882,"Fuji-san, Japan","35.360638, 138.727347",https://www.peakbagger.com/image/Suc.gif
49,New Zealand,Mount Cook,3724,https://www.peakbagger.com/peak.aspx?pid=11737,"Mount Cook, New Zealand","-43.595008, 170.14212",https://www.peakbagger.com/image/amazontiny.gif
50,Spain,Pico de Teide,3715,https://www.peakbagger.com/peak.aspx?pid=11300,"Pico de Teide, Spain","28.27277, -16.64233",https://www.peakbagger.com/image/amazontiny.gif
51,Greenland,Gunnbjørn Fjeld,3694,https://www.peakbagger.com/peak.aspx?pid=719,"Gunnbjørn Fjeld, Greenland","68.918173, -29.898692",https://www.peakbagger.com/image/Suc.gif
52,Yemen,Jabal an Nabi Shu'ayb,3666,https://www.peakbagger.com/peak.aspx?pid=10477,"Jabal an Nabi Shu'ayb, Yemen","15.2802, 43.978045",https://www.peakbagger.com/image/UnSuc.gif
53,Iraq,Cheekha Dar,3611,https://www.peakbagger.com/peak.aspx?pid=13186,"Cheekha Dar, Iran/Iraq","36.776705, 44.918633",
54,Lesotho,Thabana Ntlenyana,3482,https://www.peakbagger.com/peak.aspx?pid=11261,"Thabana Ntlenyana, Lesotho","-29.468138, 29.269186",https://www.peakbagger.com/image/Suc.gif
55,Panama,Volcán Barú,3474,https://www.peakbagger.com/peak.aspx?pid=8189,"Volcán Barú, Panama","8.808814, -82.542664",https://www.peakbagger.com/image/amazontiny.gif
56,South Africa,Mafadi,3451,https://www.peakbagger.com/peak.aspx?pid=17493,"Mafadi, Lesotho/South Africa","-29.202857, 29.358324",https://www.peakbagger.com/image/Suc.gif
57,Chad,Emi Koussi,3445,https://www.peakbagger.com/peak.aspx?pid=11071,"Emi Koussi, Chad","19.792536, 18.546365",
58,South Sudan,Kinyeti,3187,https://www.peakbagger.com/peak.aspx?pid=11179,"Kinyeti, South Sudan","3.94629, 32.910444",
59,Vietnam,Fan Si Pan,3147,https://www.peakbagger.com/peak.aspx?pid=10961,"Fan Si Pan, Vietnam","22.30336, 103.775239",https://www.peakbagger.com/image/Suc.gif
60,Turkmenistan,Ayrybaba,3139,https://www.peakbagger.com/peak.aspx?pid=10488,"Ayrybaba, Uzbekistan/Turkmenistan","37.815118, 66.56933",
61,Dominican Republic,Pico Duarte,3098,https://www.peakbagger.com/peak.aspx?pid=8224,"Pico Duarte, Dominican Republic","19.023073, -70.99769",https://www.peakbagger.com/image/Suc.gif
62,Lebanon,Qurnat as Sawda,3088,https://www.peakbagger.com/peak.aspx?pid=10450,"Qurnat as Sawda, Lebanon","34.300946, 36.115817",https://www.peakbagger.com/image/Suc.gif
63,Reunion,Piton des Neiges,3071,https://www.peakbagger.com/peak.aspx?pid=11332,"Piton des Neiges, Reunion","-21.099313, 55.479956",https://www.peakbagger.com/image/Suc.gif
64,Oman,Jebel Shams,3018,https://www.peakbagger.com/peak.aspx?pid=10480,"Jebel Shams, Oman","23.238549, 57.262955",https://www.peakbagger.com/image/Suc.gif
64,Eritrea,Soira,3018,https://www.peakbagger.com/peak.aspx?pid=11114,"Soira, Eritrea","14.761767, 39.529653",
66,Sudan,Jabal Marrah,3012,https://www.peakbagger.com/peak.aspx?pid=11076,"Jabal Marrah, Sudan","12.938699, 24.235421",
67,Equatorial Guinea,Pico Basilé,3008,https://www.peakbagger.com/peak.aspx?pid=11100,"Pico Basilé, Equatorial Guinea","3.588271, 8.761632",https://www.peakbagger.com/image/Suc.gif
68,Saudi Arabia,Jabal Ferwa,3002,https://www.peakbagger.com/peak.aspx?pid=86060,"Jabal Ferwa, Saudi Arabia","17.928547, 43.265528",https://www.peakbagger.com/image/Suc.gif
68,Malawi,Sapitwa Peak,3002,https://www.peakbagger.com/peak.aspx?pid=11222,"Sapitwa Peak, Malawi","-15.94946, 35.59297",https://www.peakbagger.com/image/Suc.gif
70,Brazil,Pico da Neblina,2995,https://www.peakbagger.com/peak.aspx?pid=8700,"Pico da Neblina, Brazil","0.800016, -66.007529",
71,East Timor,Foho Ramelau,2963,https://www.peakbagger.com/peak.aspx?pid=11013,"Foho Ramelau, East Timor","-8.906625, 125.493378",https://www.peakbagger.com/image/Suc.gif
72,Germany,Zugspitze,2962,https://www.peakbagger.com/peak.aspx?pid=10012,"Zugspitze, Germany/Austria","47.42123, 10.98632",https://www.peakbagger.com/image/amazontiny.gif
73,Philippines,Mount Apo,2954,https://www.peakbagger.com/peak.aspx?pid=11028,"Mount Apo, Philippines","6.98734, 125.27103",https://www.peakbagger.com/image/Suc.gif
74,Andorra,Pic de Coma Pedrosa,2943,https://www.peakbagger.com/peak.aspx?pid=9815,"Pic de Coma Pedrosa, Andorra","42.591796, 1.443665",https://www.peakbagger.com/image/amazontiny.gif
75,South Georgia,Mount Paget,2934,https://www.peakbagger.com/peak.aspx?pid=8812,"Mount Paget, South Georgia","-54.449767, -36.524896",
76,Bulgaria,Musala,2925,https://www.peakbagger.com/peak.aspx?pid=10352,"Musala, Bulgaria","42.179705, 23.585253",https://www.peakbagger.com/image/amazontiny.gif
77,Greece,Olympus,2918,https://www.peakbagger.com/peak.aspx?pid=10335,"Olympus, Greece","40.085657, 22.35868",https://www.peakbagger.com/image/amazontiny.gif
78,Algeria,Tahat,2908,https://www.peakbagger.com/peak.aspx?pid=11060,"Tahat, Algeria","23.288879, 5.53373",https://www.peakbagger.com/image/Suc.gif
79,Madagascar,Maromokotro,2876,https://www.peakbagger.com/peak.aspx?pid=11327,"Maromokotro, Madagascar","-14.022482, 48.967124",https://www.peakbagger.com/image/UnSuc.gif
80,Honduras,Cerro Las Minas,2870,https://www.peakbagger.com/peak.aspx?pid=8099,"Cerro Las Minas, Honduras","14.53387, -88.679882",https://www.peakbagger.com/image/amazontiny.gif
81,Slovenia,Triglav,2864,https://www.peakbagger.com/peak.aspx?pid=10160,"Triglav, Slovenia","46.37832, 13.8366",https://www.peakbagger.com/image/amazontiny.gif
82,Laos,Phou Bia,2830,https://www.peakbagger.com/peak.aspx?pid=10962,"Phou Bia, Laos","18.980781, 103.15155",https://www.peakbagger.com/image/Suc.gif
83,Cape Verde,Pico do Fogo,2829,https://www.peakbagger.com/peak.aspx?pid=11308,"Pico do Fogo, Cape Verde","14.95039, -24.34236",https://www.peakbagger.com/image/Suc.gif
84,Syria,Mount Hermon,2814,https://www.peakbagger.com/peak.aspx?pid=10452,"Mount Hermon, Lebanon/Syria","33.416166, 35.857035",https://www.peakbagger.com/image/Suc.gif
85,Guyana,Mount Roraima - Guyana High Point,2772,https://www.peakbagger.com/peak.aspx?pid=8682,"Mount Roraima - Guyana High Point, Venezuela/Guyana","5.213489, -60.746585",https://www.peakbagger.com/image/Suc.gif
86,Albania,Korab,2753,https://www.peakbagger.com/peak.aspx?pid=10332,"Korab, Albania/North Macedonia","41.790315, 20.546885",https://www.peakbagger.com/image/amazontiny.gif
86,North Macedonia,Korab,2753,https://www.peakbagger.com/peak.aspx?pid=10332,"Korab, Albania/North Macedonia","41.790315, 20.546885",https://www.peakbagger.com/image/amazontiny.gif
88,Heard and McDonald Islands,Big Ben,2745,https://www.peakbagger.com/peak.aspx?pid=11353,"Big Ben, Heard and McDonald Islands","-53.10456, 73.513536",
89,North Korea,Paektu-san,2744,https://www.peakbagger.com/peak.aspx?pid=10734,"Paektu-san, North Korea","41.993094, 128.077071",https://www.peakbagger.com/image/Suc.gif
90,El Salvador,Cerro El Pital,2730,https://www.peakbagger.com/peak.aspx?pid=8102,"Cerro El Pital, Honduras/El Salvador","14.38439, -89.12917",https://www.peakbagger.com/image/amazontiny.gif
91,Haiti,Pic la Selle,2674,https://www.peakbagger.com/peak.aspx?pid=8225,"Pic la Selle, Haiti","18.360219, -71.976729",https://www.peakbagger.com/image/Suc.gif
92,Burundi,Mont Heha,2670,https://www.peakbagger.com/peak.aspx?pid=11177,"Mont Heha, Burundi","-3.6034, 29.499168",https://www.peakbagger.com/image/Suc.gif
93,Kosovo,Velika Rudoka,2661,https://www.peakbagger.com/peak.aspx?pid=73242,"Velika Rudoka, Kosovo/North Macedonia","41.918554, 20.776531",https://www.peakbagger.com/image/Suc.gif
94,Slovakia,Gerlachovský štít,2654,https://www.peakbagger.com/peak.aspx?pid=10307,"Gerlachovský štít, Slovakia","49.16403, 20.13403",https://www.peakbagger.com/image/amazontiny.gif
95,Egypt,Gebel Katherîna,2653,https://www.peakbagger.com/peak.aspx?pid=10460,"Gebel Katherîna, Egypt","28.50936, 33.95554",https://www.peakbagger.com/image/Suc.gif
96,Angola,Morro de Môco,2620,https://www.peakbagger.com/peak.aspx?pid=11210,"Morro de Môco, Angola","-12.462538, 15.173947",https://www.peakbagger.com/image/Suc.gif
97,Liechtenstein,Grauspitz,2600,https://www.peakbagger.com/peak.aspx?pid=10000,"Grauspitz, Liechtenstein/Switzerland","47.05271, 9.58131",https://www.peakbagger.com/image/amazontiny.gif
98,Zimbabwe,Mount Nyangani,2593,https://www.peakbagger.com/peak.aspx?pid=11229,"Mount Nyangani, Zimbabwe","-18.29991, 32.84194",https://www.peakbagger.com/image/Suc.gif
99,Namibia,Königstein,2573,https://www.peakbagger.com/peak.aspx?pid=11224,"Königstein, Namibia","-21.149307, 14.577541",https://www.peakbagger.com/image/Suc.gif
100,Thailand,Doi Inthanon,2565,https://www.peakbagger.com/peak.aspx?pid=10952,"Doi Inthanon, Thailand","18.587797, 98.486963",https://www.peakbagger.com/image/Suc.gif
101,Romania,Moldoveanu,2544,https://www.peakbagger.com/peak.aspx?pid=10317,"Moldoveanu, Romania","45.599895, 24.736003",https://www.peakbagger.com/image/amazontiny.gif
102,Montenegro,Zla Kolata,2525,https://www.peakbagger.com/peak.aspx?pid=30157,"Zla Kolata, Montenegro/Albania","42.485047, 19.896082",https://www.peakbagger.com/image/amazontiny.gif
103,Sri Lanka,Pidurutalagala,2524,https://www.peakbagger.com/peak.aspx?pid=10665,"Pidurutalagala, Sri Lanka","7.00072, 80.774143",https://www.peakbagger.com/image/Suc.gif
104,Poland,Rysy - Northwest Peak,2499,https://www.peakbagger.com/peak.aspx?pid=10301,"Rysy - Northwest Peak, Poland/Slovakia","49.179585, 20.08804",https://www.peakbagger.com/image/amazontiny.gif
105,Norway,Galdhøpiggen,2469,https://www.peakbagger.com/peak.aspx?pid=8916,"Galdhøpiggen, Norway","61.63643, 8.31245",https://www.peakbagger.com/image/amazontiny.gif
106,Somalia,Shimbiris,2460,https://www.peakbagger.com/peak.aspx?pid=11145,"Shimbiris, Somalia","10.735139, 47.245268",https://www.peakbagger.com/image/UnSuc.gif
107,Mozambique,Mount Binga,2436,https://www.peakbagger.com/peak.aspx?pid=11230,"Mount Binga, Zimbabwe/Mozambique","-19.776551, 33.062461",https://www.peakbagger.com/image/Suc.gif
108,Nigeria,Chappal Waddi,2419,https://www.peakbagger.com/peak.aspx?pid=11096,"Chappal Waddi, Nigeria/Cameroon","7.036389, 11.71477",https://www.peakbagger.com/image/Suc.gif
109,Bosnia and Herzegovina,Veliki Maglić,2386,https://www.peakbagger.com/peak.aspx?pid=10327,"Veliki Maglić, Bosnia and Herzegovina/Montenegro","43.28104, 18.733139",https://www.peakbagger.com/image/amazontiny.gif
110,Comoros,Karthala,2361,https://www.peakbagger.com/peak.aspx?pid=11322,"Karthala, Comoros","-11.758152, 43.366549",https://www.peakbagger.com/image/Suc.gif
111,Portugal,Montanha do Pico,2351,https://www.peakbagger.com/peak.aspx?pid=11292,"Montanha do Pico, Portugal","38.468642, -28.399298",https://www.peakbagger.com/image/amazontiny.gif
112,Libya,Pic Bette,2350,https://www.peakbagger.com/peak.aspx?pid=11064,"Pic Bette, Libya","21.98223, 19.144492",
113,Zambia,Mafinga Central,2339,https://www.peakbagger.com/peak.aspx?pid=11213,"Mafinga Central, Zambia/Malawi","-9.952694, 33.352361",https://www.peakbagger.com/image/Suc.gif
114,Solomon Islands,Mount Popomanaseu,2335,https://www.peakbagger.com/peak.aspx?pid=11822,"Mount Popomanaseu, Solomon Islands","-9.703256, 160.061472",https://www.peakbagger.com/image/UnSuc.gif
115,Jan Mayen,Beerenberg,2277,https://www.peakbagger.com/peak.aspx?pid=8837,"Beerenberg, Jan Mayen","71.08209, -8.178223",https://www.peakbagger.com/image/Suc.gif
116,Jamaica,Blue Mountain Peak,2256,https://www.peakbagger.com/peak.aspx?pid=8223,"Blue Mountain Peak, Jamaica","18.04645, -76.578807",https://www.peakbagger.com/image/Suc.gif
117,French Polynesia,Mont Orohena,2241,https://www.peakbagger.com/peak.aspx?pid=11946,"Mont Orohena, French Polynesia","-17.621412, -149.476779",
118,Australia,Mount Kosciuszko,2228,https://www.peakbagger.com/peak.aspx?pid=11624,"Mount Kosciuszko, New South Wales","-36.456076, 148.263399",https://www.peakbagger.com/image/Suc.gif
119,Israel,Mitze Hashlagim,2222,https://www.peakbagger.com/peak.aspx?pid=89864,"Mitze Hashlagim, Israel","33.317794, 35.803523",https://www.peakbagger.com/image/Suc.gif
120,Serbia,Midžor,2169,https://www.peakbagger.com/peak.aspx?pid=13254,"Midžor, Bulgaria/Serbia","43.394695, 22.681918",https://www.peakbagger.com/image/amazontiny.gif
121,Iceland,Hvannadalshnúkur,2110,https://www.peakbagger.com/peak.aspx?pid=8836,"Hvannadalshnúkur, Iceland","64.014055, -16.677437",https://www.peakbagger.com/image/amazontiny.gif
122,Nicaragua,Pico Mogotón,2106,https://www.peakbagger.com/peak.aspx?pid=8113,"Pico Mogotón, Honduras/Nicaragua","13.76308, -86.39834",https://www.peakbagger.com/image/amazontiny.gif
123,Sweden,Kebnekaise - Nordtoppen,2097,https://www.peakbagger.com/peak.aspx?pid=27340,"Kebnekaise - Nordtoppen, Sweden","67.904417, 18.526974",https://www.peakbagger.com/image/UnSuc.gif
124,Ukraine,Gora Goverla,2061,https://www.peakbagger.com/peak.aspx?pid=10313,"Gora Goverla, Ukraine","48.159889, 24.500396",https://www.peakbagger.com/image/amazontiny.gif
125,"Saint Helena, Ascension, Tristan da Cunha",Queen Mary's Peak,2060,https://www.peakbagger.com/peak.aspx?pid=11314,"Queen Mary's Peak, Saint Helena, Ascension, Tristan da Cunha","-37.111542, -12.288754",
126,Sao Tome and Principe,Pico de São Tomé,2024,https://www.peakbagger.com/peak.aspx?pid=11101,"Pico de São Tomé, Sao Tome and Principe","0.269314, 6.541725",https://www.peakbagger.com/image/Suc.gif
127,Djibouti,Moussa Ali,2021,https://www.peakbagger.com/peak.aspx?pid=11143,"Moussa Ali, Eritrea/Ethiopia/Djibouti","12.468802, 42.404453",
128,Niger,Mont Idoukal-n-Taghès,2002,https://www.peakbagger.com/peak.aspx?pid=11062,"Mont Idoukal-n-Taghès, Niger","17.838489, 8.720123",
129,Cuba,Pico Turquino,1974,https://www.peakbagger.com/peak.aspx?pid=8220,"Pico Turquino, Cuba","19.989776, -76.835954",https://www.peakbagger.com/image/Suc.gif
130,Cyprus,Olympus,1951,https://www.peakbagger.com/peak.aspx?pid=10449,"Olympus, Cyprus","34.93651, 32.86454",https://www.peakbagger.com/image/amazontiny.gif
131,South Korea,Halla-san,1950,https://www.peakbagger.com/peak.aspx?pid=10939,"Halla-san, South Korea","33.361413, 126.529395",https://www.peakbagger.com/image/Suc.gif
132,Sierra Leone,Loma Mansa,1945,https://www.peakbagger.com/peak.aspx?pid=11082,"Loma Mansa, Sierra Leone","9.22715, -11.11576",https://www.peakbagger.com/image/Suc.gif
133,United Arab Emirates,Jabal Bil Ays - West Peak,1892,https://www.peakbagger.com/peak.aspx?pid=27568,"Jabal Bil Ays - West Peak, United Arab Emirates/Oman","25.953735, 56.180685",https://www.peakbagger.com/image/Suc.gif
134,Vanuatu,Tabwémasana,1879,https://www.peakbagger.com/peak.aspx?pid=11832,"Tabwémasana, Vanuatu","-15.362787, 166.75474",https://www.peakbagger.com/image/Suc.gif
135,Eswatini,Emlembe,1862,https://www.peakbagger.com/peak.aspx?pid=11248,"Emlembe, Eswatini/South Africa","-25.921275, 31.126659",https://www.peakbagger.com/image/Suc.gif
136,Samoa,Mauga Silisili,1858,https://www.peakbagger.com/peak.aspx?pid=11928,"Mauga Silisili, Samoa","-13.618072, -172.486633",https://www.peakbagger.com/image/NSG.gif
137,Jordan,Jabal Umm ad Dami,1854,https://www.peakbagger.com/peak.aspx?pid=27957,"Jabal Umm ad Dami, Jordan","29.307588, 35.432854",https://www.peakbagger.com/image/Suc.gif
138,Brunei,Bukit Pagon,1850,https://www.peakbagger.com/peak.aspx?pid=10967,"Bukit Pagon, Malaysia/Brunei","4.29621, 115.323014",https://www.peakbagger.com/image/Suc.gif
138,French Southern Lands,Grand Ross,1850,https://www.peakbagger.com/peak.aspx?pid=11351,"Grand Ross, French Southern Lands","-49.594943, 69.496725",
140,Croatia,Dinara,1831,https://www.peakbagger.com/peak.aspx?pid=10325,"Dinara, Croatia","44.06299, 16.38338",https://www.peakbagger.com/image/amazontiny.gif
141,Cambodia,Phnom Aoral,1813,https://www.peakbagger.com/peak.aspx?pid=10965,"Phnom Aoral, Cambodia","12.032699, 104.171046",https://www.peakbagger.com/image/Suc.gif
142,Ivory Coast,Mont Richard-Molard,1744,https://www.peakbagger.com/peak.aspx?pid=11088,"Mont Richard-Molard, Ivory Coast/Guinea","7.617325, -8.411698",https://www.peakbagger.com/image/Suc.gif
142,Guinea,Mont Richard-Molard,1744,https://www.peakbagger.com/peak.aspx?pid=11088,"Mont Richard-Molard, Ivory Coast/Guinea","7.617325, -8.411698",https://www.peakbagger.com/image/Suc.gif
144,Svalbard,Newtontoppen,1713,https://www.peakbagger.com/peak.aspx?pid=8817,"Newtontoppen, Svalbard","79.010578, 17.491404",https://www.peakbagger.com/image/Suc.gif
145,New Caledonia,Mont Panié,1629,https://www.peakbagger.com/peak.aspx?pid=11843,"Mont Panié, New Caledonia","-20.58858, 164.77018",
146,Czech Republic,Sněžka,1603,https://www.peakbagger.com/peak.aspx?pid=10289,"Sněžka, Czech Republic/Poland","50.73602, 15.73963",https://www.peakbagger.com/image/amazontiny.gif
147,Tunisia,Jebel Chambi,1544,https://www.peakbagger.com/peak.aspx?pid=11050,"Jebel Chambi, Tunisia","35.206722, 8.682862",https://www.peakbagger.com/image/Suc.gif
148,Botswana,Monalanong Hill,1494,https://www.peakbagger.com/peak.aspx?pid=19055,"Monalanong Hill, Botswana","-24.840833, 25.665084",https://www.peakbagger.com/image/Suc.gif
149,Guadeloupe,La Grande Soufrière,1467,https://www.peakbagger.com/peak.aspx?pid=8257,"La Grande Soufrière, Guadeloupe","16.044894, -61.663838",https://www.peakbagger.com/image/Suc.gif
150,Dominica,Morne Diablotins,1447,https://www.peakbagger.com/peak.aspx?pid=8258,"Morne Diablotins, Dominica","15.503958, -61.398117",https://www.peakbagger.com/image/Suc.gif
151,Liberia,Mount Wuteve,1420,https://www.peakbagger.com/peak.aspx?pid=11085,"Mount Wuteve, Liberia","8.145213, -9.926805",https://www.peakbagger.com/image/Suc.gif
152,Central African Republic,Mont Ngaoui,1410,https://www.peakbagger.com/peak.aspx?pid=11097,"Mont Ngaoui, Central African Republic/Cameroon","6.746701, 14.958199",https://www.peakbagger.com/image/Suc.gif
153,Martinique,Montagne Pelée,1395,https://www.peakbagger.com/peak.aspx?pid=8260,"Montagne Pelée, Martinique","14.809202, -61.165422",https://www.peakbagger.com/image/NSG.gif
154,United Kingdom,Ben Nevis,1345,https://www.peakbagger.com/peak.aspx?pid=9269,"Ben Nevis, Scotland","56.796869, -5.003666",https://www.peakbagger.com/image/amazontiny.gif
155,Puerto Rico,Cerro de Punta,1338,https://www.peakbagger.com/peak.aspx?pid=8231,"Cerro de Punta, Puerto Rico","18.172215, -66.591729",https://www.peakbagger.com/image/Suc.gif
156,Finland,Hálditšohkka,1324,https://www.peakbagger.com/peak.aspx?pid=8841,"Hálditšohkka, Finland/Norway","69.308029, 21.265006",https://www.peakbagger.com/image/amazontiny.gif
156,Fiji Islands,Mount Tomanivi,1324,https://www.peakbagger.com/peak.aspx?pid=11854,"Mount Tomanivi, Fiji Islands","-17.6146, 178.018185",https://www.peakbagger.com/image/Suc.gif
158,Saint Vincent and the Grenadines,La Soufrière,1234,https://www.peakbagger.com/peak.aspx?pid=8265,"La Soufrière, Saint Vincent and the Grenadines","13.347726, -61.176128",https://www.peakbagger.com/image/Suc.gif
159,Suriname,Julianatop,1230,https://www.peakbagger.com/peak.aspx?pid=8709,"Julianatop, Suriname","3.682688, -56.535517",https://www.peakbagger.com/image/Suc.gif
160,Belize,Doyle's Delight,1174,https://www.peakbagger.com/peak.aspx?pid=8065,"Doyle's Delight, Belize","16.494063, -89.045641",https://www.peakbagger.com/image/amazontiny.gif
161,Saint Kitts and Nevis,Mount Liamuiga,1156,https://www.peakbagger.com/peak.aspx?pid=8253,"Mount Liamuiga, Saint Kitts and Nevis","17.36846, -62.802934",https://www.peakbagger.com/image/UnSuc.gif
162,Mali,Hombori Tondo,1155,https://www.peakbagger.com/peak.aspx?pid=11089,"Hombori Tondo, Mali","15.256923, -1.668714",https://www.peakbagger.com/image/Suc.gif
163,Tonga,Kao,1109,https://www.peakbagger.com/peak.aspx?pid=11953,"Kao, Tonga","-19.668403, -175.01597",https://www.peakbagger.com/image/Suc.gif
164,Gabon,Mont Bengoué,1070,https://www.peakbagger.com/peak.aspx?pid=19054,"Mont Bengoué, Gabon","0.955491, 13.685637",https://www.peakbagger.com/image/Suc.gif
165,Bangladesh,Mowdok Mual,1052,https://www.peakbagger.com/peak.aspx?pid=10949,"Mowdok Mual, Myanmar/Bangladesh","21.78639, 92.61",https://www.peakbagger.com/image/Suc.gif
166,Ireland,Carrauntoohil,1039,https://www.peakbagger.com/peak.aspx?pid=9052,"Carrauntoohil, Ireland","51.999383, -9.742799",https://www.peakbagger.com/image/amazontiny.gif
167,Palestinian Authority,Nabi Yunis,1030,https://www.peakbagger.com/peak.aspx?pid=10457,"Nabi Yunis, Palestinian Authority","31.578677, 35.10474",https://www.peakbagger.com/image/Suc.gif
168,Congo Republic,Mont Nabeba,1020,https://www.peakbagger.com/peak.aspx?pid=11102,"Mont Nabeba, Congo Republic","1.843822, 13.990038",
169,Hungary,Kékes,1014,https://www.peakbagger.com/peak.aspx?pid=10314,"Kékes, Hungary","47.87261, 20.008709",https://www.peakbagger.com/image/amazontiny.gif
170,Togo,Mont Atilakoutse,991,https://www.peakbagger.com/peak.aspx?pid=74411,"Mont Atilakoutse, Togo","7.329054, 0.709001",https://www.peakbagger.com/image/Suc.gif
171,Northern Marianas,Agrihan High Point,977,https://www.peakbagger.com/peak.aspx?pid=74397,"Agrihan High Point, Northern Marianas","18.768118, 145.673237",https://www.peakbagger.com/image/Suc.gif
172,American Samoa,Lata Mountain,966,https://www.peakbagger.com/peak.aspx?pid=11932,"Lata Mountain, American Samoa","-14.233143, -169.454316",https://www.peakbagger.com/image/Suc.gif
173,Hong Kong,Tai Mo Shan,957,https://www.peakbagger.com/peak.aspx?pid=10702,"Tai Mo Shan, Hong Kong","22.41008, 114.124538",https://www.peakbagger.com/image/Suc.gif
174,Saint Lucia,Mount Gimie,950,https://www.peakbagger.com/peak.aspx?pid=8262,"Mount Gimie, Saint Lucia","13.863672, -61.011738",https://www.peakbagger.com/image/Suc.gif
175,Trinidad and Tobago,Cerro del Aripo,941,https://www.peakbagger.com/peak.aspx?pid=8241,"Cerro del Aripo, Trinidad and Tobago","10.72944, -61.24335",https://www.peakbagger.com/image/Suc.gif
176,Mauritania,Kdeyyat ej Joul,915,https://www.peakbagger.com/peak.aspx?pid=11055,"Kdeyyat ej Joul, Mauritania","22.651034, -12.574271",https://www.peakbagger.com/image/Suc.gif
177,Montserrat,Soufriere Hills Volcano,914,https://www.peakbagger.com/peak.aspx?pid=8256,"Soufriere Hills Volcano, Montserrat","16.712299, -62.175574",
178,Seychelles,Morne Seychellois,905,https://www.peakbagger.com/peak.aspx?pid=11319,"Morne Seychellois, Seychelles","-4.644788, 55.438833",https://www.peakbagger.com/image/UnSuc.gif
179,Ghana,Leklata,900,https://www.peakbagger.com/peak.aspx?pid=11092,"Leklata, Ghana/Togo","7.026892, 0.603274",https://www.peakbagger.com/image/Suc.gif
180,Faroe Islands,Slættaratindur,880,https://www.peakbagger.com/peak.aspx?pid=8838,"Slættaratindur, Faroe Islands","62.296655, -7.013191",https://www.peakbagger.com/image/amazontiny.gif
181,Saba,Mount Scenery,870,https://www.peakbagger.com/peak.aspx?pid=8251,"Mount Scenery, Saba","17.634755, -63.23768",https://www.peakbagger.com/image/Suc.gif
182,French Guiana,Bellevue de L'Inini,851,https://www.peakbagger.com/peak.aspx?pid=8710,"Bellevue de L'Inini, French Guiana","3.543807, -53.574751",
183,Paraguay,Cerro Tres Kandú,842,https://www.peakbagger.com/peak.aspx?pid=8789,"Cerro Tres Kandú, Paraguay","-25.902033, -56.160021",https://www.peakbagger.com/image/Suc.gif
184,Grenada,Mount Saint Catherine,840,https://www.peakbagger.com/peak.aspx?pid=8268,"Mount Saint Catherine, Grenada","12.162281, -61.675035",https://www.peakbagger.com/image/Suc.gif
185,Mauritius,Piton de la Petite Rivière Noire,828,https://www.peakbagger.com/peak.aspx?pid=11331,"Piton de la Petite Rivière Noire, Mauritius","-20.408887, 57.407767",https://www.peakbagger.com/image/Suc.gif
186,Micronesia,Ngihneni,780,https://www.peakbagger.com/peak.aspx?pid=11797,"Ngihneni, Micronesia","6.863463, 158.236471",https://www.peakbagger.com/image/Suc.gif
186,Bouvet Island,Olavtoppen,780,https://www.peakbagger.com/peak.aspx?pid=11316,"Olavtoppen, Bouvet Island","-54.405132, 3.347081",
188,Burkina Faso,Téna Kourou,747,https://www.peakbagger.com/peak.aspx?pid=11090,"Téna Kourou, Mali/Burkina Faso","10.757728, -5.418577",
189,San Marino,Monte Titano,739,https://www.peakbagger.com/peak.aspx?pid=10183,"Monte Titano, San Marino","43.93217, 12.45197",https://www.peakbagger.com/image/amazontiny.gif
190,Falkland Islands,Mount Usborne,705,https://www.peakbagger.com/peak.aspx?pid=8810,"Mount Usborne, Falkland Islands","-51.691928, -58.833955",
191,Belgium,Signal de Botrange,694,https://www.peakbagger.com/peak.aspx?pid=9606,"Signal de Botrange, Belgium","50.501662, 6.092445",https://www.peakbagger.com/image/amazontiny.gif
192,Mayotte,Mlima Bénara,660,https://www.peakbagger.com/peak.aspx?pid=11323,"Mlima Bénara, Mayotte","-12.880028, 45.162541",
193,Benin,Mont Sokbaro,659,https://www.peakbagger.com/peak.aspx?pid=51096,"Mont Sokbaro, Benin/Togo","9.327888, 1.415037",https://www.peakbagger.com/image/Suc.gif
194,Cook Islands,Te Manga,653,https://www.peakbagger.com/peak.aspx?pid=11957,"Te Manga, Cook Islands","-21.235754, -159.763353",https://www.peakbagger.com/image/Suc.gif
195,Senegal,Felo Barkere,638,https://www.peakbagger.com/peak.aspx?pid=11080,"Felo Barkere, Senegal/Guinea","12.373096, -12.543806",https://www.peakbagger.com/image/Suc.gif
196,Isle of Man,Snaefell,621,https://www.peakbagger.com/peak.aspx?pid=9353,"Snaefell, Isle of Man","54.263183, -4.461555",https://www.peakbagger.com/image/Suc.gif
197,Sint Eustatius,Mazinga,600,https://www.peakbagger.com/peak.aspx?pid=8252,"Mazinga, Sint Eustatius","17.476273, -62.959767",https://www.peakbagger.com/image/NSG.gif
198,Luxembourg,Kneiff,560,https://www.peakbagger.com/peak.aspx?pid=30150,"Kneiff, Luxembourg","50.1573, 6.03697",https://www.peakbagger.com/image/Suc.gif
199,Wallis and Futuna,Mont Puke,522,https://www.peakbagger.com/peak.aspx?pid=11848,"Mont Puke, Wallis and Futuna","-14.270767, -178.139062",
200,British Virgin Islands,Mount Sage,521,https://www.peakbagger.com/peak.aspx?pid=8227,"Mount Sage, British Virgin Islands","18.4095, -64.655632",https://www.peakbagger.com/image/Suc.gif
201,Uruguay,Cerro Catedral,514,https://www.peakbagger.com/peak.aspx?pid=8805,"Cerro Catedral, Uruguay","-34.383002, -54.673994",https://www.peakbagger.com/image/Suc.gif
202,U.S. Virgin Islands,Crown Mountain,474,https://www.peakbagger.com/peak.aspx?pid=8228,"Crown Mountain, U.S. Virgin Islands","18.357059, -64.97324",https://www.peakbagger.com/image/Suc.gif
203,Moldova,Bălăneşti,430,https://www.peakbagger.com/peak.aspx?pid=10322,"Bălăneşti, Moldova","47.217298, 28.083188",https://www.peakbagger.com/image/amazontiny.gif
204,Gibraltar,Rock of Gibraltar,426,https://www.peakbagger.com/peak.aspx?pid=9870,"Rock of Gibraltar, Gibraltar","36.126955, -5.343957",https://www.peakbagger.com/image/Suc.gif
205,Saint Martin,Pic Paradis,420,https://www.peakbagger.com/peak.aspx?pid=8244,"Pic Paradis, Saint Martin","18.077856, -63.049912",https://www.peakbagger.com/image/Suc.gif
206,Guam,Mount Lamlam,406,https://www.peakbagger.com/peak.aspx?pid=11786,"Mount Lamlam, Guam","13.33974, 144.66562",https://www.peakbagger.com/image/Suc.gif
207,Antigua and Barbuda,Mount Obama,402,https://www.peakbagger.com/peak.aspx?pid=8255,"Mount Obama, Antigua and Barbuda","17.044702, -61.86131",https://www.peakbagger.com/image/Suc.gif
208,Curaçao,Sint Christoffelberg,372,https://www.peakbagger.com/peak.aspx?pid=8237,"Sint Christoffelberg, Curaçao","12.336903, -69.123162",https://www.peakbagger.com/image/Suc.gif
209,Sint Maarten,Flagstaff - Southwest Ridge,370,https://www.peakbagger.com/peak.aspx?pid=8246,"Flagstaff - Southwest Ridge, Saint Martin/Sint Maarten","18.063402, -63.0549",https://www.peakbagger.com/image/Suc.gif
210,Christmas Island,Murray Hill,361,https://www.peakbagger.com/peak.aspx?pid=11004,"Murray Hill, Christmas Island","-10.477683, 105.586766",https://www.peakbagger.com/image/Suc.gif
211,Pitcairn Island,Pawala Valley Ridge,347,https://www.peakbagger.com/peak.aspx?pid=11966,"Pawala Valley Ridge, Pitcairn Island","-25.068309, -130.113101",
212,Belarus,Hara Dzyarzhynskaya,345,https://www.peakbagger.com/peak.aspx?pid=10284,"Hara Dzyarzhynskaya, Belarus","53.848585, 27.06572",https://www.peakbagger.com/image/amazontiny.gif
213,Barbados,Mount Hillaby,340,https://www.peakbagger.com/peak.aspx?pid=8267,"Mount Hillaby, Barbados","13.210949, -59.582126",https://www.peakbagger.com/image/Suc.gif
214,Netherlands,Vaalserberg,321,https://www.peakbagger.com/peak.aspx?pid=9595,"Vaalserberg, Netherlands","50.755009, 6.01999",https://www.peakbagger.com/image/amazontiny.gif
215,Norfolk Island,Mount Bates,320,https://www.peakbagger.com/peak.aspx?pid=11760,"Mount Bates, Norfolk Island","-29.011227, 167.939916",https://www.peakbagger.com/image/Suc.gif
216,Estonia,Suur Munamägi,318,https://www.peakbagger.com/peak.aspx?pid=10278,"Suur Munamägi, Estonia","57.71399, 27.06007",https://www.peakbagger.com/image/amazontiny.gif
217,Latvia,Gaizinkalns,312,https://www.peakbagger.com/peak.aspx?pid=10280,"Gaizinkalns, Latvia","56.870231, 25.959519",https://www.peakbagger.com/image/amazontiny.gif
218,Lithuania,Aukstojas,294,https://www.peakbagger.com/peak.aspx?pid=10283,"Aukstojas, Lithuania","54.528523, 25.626967",https://www.peakbagger.com/image/amazontiny.gif
219,Kuwait,Kuwait High Point,291,https://www.peakbagger.com/peak.aspx?pid=10474,"Kuwait High Point, Kuwait","29.100479, 46.640744",https://www.peakbagger.com/image/Suc.gif
220,Saint Barthelemy,Morne du Vitet,286,https://www.peakbagger.com/peak.aspx?pid=8248,"Morne du Vitet, Saint Barthelemy","17.899218, -62.806344",https://www.peakbagger.com/image/Suc.gif
221,Guinea-Bissau,Dongol Rondè,266,https://www.peakbagger.com/peak.aspx?pid=11081,"Dongol Rondè, Guinea-Bissau","11.683069, -13.892175",https://www.peakbagger.com/image/Suc.gif
222,Malta,Dingli Cliffs,253,https://www.peakbagger.com/peak.aspx?pid=10276,"Dingli Cliffs, Malta","35.852919, 14.384259",https://www.peakbagger.com/image/amazontiny.gif
223,Palau,Mount Ngerchelchuus,242,https://www.peakbagger.com/peak.aspx?pid=11791,"Mount Ngerchelchuus, Palau","7.562438, 134.571189",https://www.peakbagger.com/image/Suc.gif
224,Bonaire,Brandaris,241,https://www.peakbagger.com/peak.aspx?pid=8238,"Brandaris, Bonaire","12.273759, -68.399306",https://www.peakbagger.com/image/Suc.gif
225,Saint Pierre and Miquelon,Morne de la Grande Montagne,240,https://www.peakbagger.com/peak.aspx?pid=6640,"Morne de la Grande Montagne, Saint Pierre and Miquelon","47.04399, -56.302654",
226,Aruba,Jamanota,188,https://www.peakbagger.com/peak.aspx?pid=8236,"Jamanota, Aruba","12.4874, -69.940787",https://www.peakbagger.com/image/Suc.gif
227,Macau,Alto Coloane,172,https://www.peakbagger.com/peak.aspx?pid=10700,"Alto Coloane, Macau","22.120658, 113.561291",https://www.peakbagger.com/image/Suc.gif
228,Denmark,Møllehøj,171,https://www.peakbagger.com/peak.aspx?pid=28239,"Møllehøj, Denmark","55.97749, 9.826407",https://www.peakbagger.com/image/amazontiny.gif
229,Singapore,Bukit Timah,164,https://www.peakbagger.com/peak.aspx?pid=10959,"Bukit Timah, Singapore","1.354685, 103.776405",https://www.peakbagger.com/image/Suc.gif
230,Monaco,Chemin des Révoires,162,https://www.peakbagger.com/peak.aspx?pid=9887,"Chemin des Révoires, Monaco/France","43.734826, 7.412881",https://www.peakbagger.com/image/amazontiny.gif
231,Jersey,Les Platons,136,https://www.peakbagger.com/peak.aspx?pid=9556,"Les Platons, Jersey","49.247838, -2.1047",https://www.peakbagger.com/image/Suc.gif
232,Bahrain,Jabal ad Dukhan,134,https://www.peakbagger.com/peak.aspx?pid=10475,"Jabal ad Dukhan, Bahrain","26.038121, 50.542541",https://www.peakbagger.com/image/Suc.gif
233,Guernsey,Le Moulin,114,https://www.peakbagger.com/peak.aspx?pid=9554,"Le Moulin, Guernsey","49.431196, -2.362436",https://www.peakbagger.com/image/Suc.gif
234,Qatar,Al Galail,103,https://www.peakbagger.com/peak.aspx?pid=10476,"Al Galail, Qatar","24.715871, 51.046747",https://www.peakbagger.com/image/Suc.gif
235,Kiribati,Banaba High Point,81,https://www.peakbagger.com/peak.aspx?pid=11800,"Banaba High Point, Kiribati","-0.856765, 169.535664",
236,Vatican City,Vatican Hill,78,https://www.peakbagger.com/peak.aspx?pid=10235,"Vatican Hill, Vatican City","41.903493, 12.450122",https://www.peakbagger.com/image/amazontiny.gif
237,Navassa,Navassa High Point,77,https://www.peakbagger.com/peak.aspx?pid=8222,"Navassa High Point, Navassa","18.396813, -75.01249",
238,Bermuda,Town Hill,76,https://www.peakbagger.com/peak.aspx?pid=8215,"Town Hill, Bermuda","32.316557, -64.733324",https://www.peakbagger.com/image/Suc.gif
239,Niue,Niue High Point,69,https://www.peakbagger.com/peak.aspx?pid=11952,"Niue High Point, Niue","-18.963383, -169.834769",
240,Nauru,Command Ridge,65,https://www.peakbagger.com/peak.aspx?pid=11799,"Command Ridge, Nauru","-0.530978, 166.916756",https://www.peakbagger.com/image/Suc.gif
240,Anguilla,Crocus Hill,65,https://www.peakbagger.com/peak.aspx?pid=8242,"Crocus Hill, Anguilla","18.216797, -63.066639",https://www.peakbagger.com/image/Suc.gif
242,Bahamas,Mount Alvernia,63,https://www.peakbagger.com/peak.aspx?pid=8216,"Mount Alvernia, Bahamas","24.294227, -75.40824",https://www.peakbagger.com/image/Suc.gif
243,Gambia,Sare Firasu Hill,51,https://www.peakbagger.com/peak.aspx?pid=98974,"Sare Firasu Hill, Gambia","13.221566, -14.159756",https://www.peakbagger.com/image/Suc.gif
244,Turks and Caicos Islands,Blue Mountain,49,https://www.peakbagger.com/peak.aspx?pid=8217,"Blue Mountain, Turks and Caicos Islands","21.786673, -72.246578",https://www.peakbagger.com/image/Suc.gif
245,Cayman Islands,The Bluff,43,https://www.peakbagger.com/peak.aspx?pid=8221,"The Bluff, Cayman Islands","19.750871, -79.723889",https://www.peakbagger.com/image/Suc.gif
246,Cocos Islands,Cocos Islands High Point,14,https://www.peakbagger.com/peak.aspx?pid=11334,"Cocos Islands High Point, Cocos Islands","-12.20836, 96.895046",https://www.peakbagger.com/image/Suc.gif
247,Marshall Islands,Likiep High Point,10,https://www.peakbagger.com/peak.aspx?pid=11788,"Likiep High Point, Marshall Islands","9.821869, 169.290316",
248,Coral Sea Islands Territory,Willis Island High Point,9,https://www.peakbagger.com/peak.aspx?pid=74442,"Willis Island High Point, Coral Sea Islands Territory","-16.287527, 149.964778",
249,U.S. Minor Pacific Islands,Baker High Point,8,https://www.peakbagger.com/peak.aspx?pid=11923,"Baker High Point, U.S. Minor Pacific Islands","0.19723, -176.47468",
250,British Indian Ocean Territory,Diego Garcia High Point,7,https://www.peakbagger.com/peak.aspx?pid=11320,"Diego Garcia High Point, British Indian Ocean Territory","-7.263192, 72.375031",
251,Tuvalu,Niulakita High Point,5,https://www.peakbagger.com/peak.aspx?pid=70853,"Niulakita High Point, Tuvalu","-10.788688, 179.472932",
251,Tokelau,Tokelau High Point,5,https://www.peakbagger.com/peak.aspx?pid=11926,"Tokelau High Point, Tokelau","-9.209885, -171.767045",
253,Maldives,Wilingili Island High Point,3,https://www.peakbagger.com/peak.aspx?pid=11318,"Wilingili Island High Point, Maldives","-0.674982, 73.194888",https://www.peakbagger.com/image/Suc.gif
